{
  "clean": {
    "ce_per_token": 0.4731275575856368,
    "ph0_xor0_mean": -0.019915800541639328,
    "ph0_xor0_std": 0.16889669001102448,
    "ph0_xor1_mean": 0.0023680750746279955,
    "ph0_xor1_std": 0.1155824214220047,
    "ph1_xor0_mean": -0.04287725314497948,
    "ph1_xor0_std": 0.1520373523235321,
    "ph1_xor1_mean": -0.008773312903940678,
    "ph1_xor1_std": 0.12086035311222076,
    "ph2_xor0_mean": -10.27989387512207,
    "ph2_xor0_std": 2.6473474502563477,
    "ph2_xor1_mean": 9.992409706115723,
    "ph2_xor1_std": 2.806903839111328,
    "phase2_accuracy": 1.0
  },
  "kill_L0_attn": {
    "ce_per_token": 0.5649750635027886,
    "ph0_xor0_mean": -0.1534172147512436,
    "ph0_xor0_std": 0.754024863243103,
    "ph0_xor1_mean": 0.04985744133591652,
    "ph0_xor1_std": 0.4141821563243866,
    "ph1_xor0_mean": -0.10472172498703003,
    "ph1_xor0_std": 0.501819372177124,
    "ph1_xor1_mean": 0.03993738815188408,
    "ph1_xor1_std": 0.3011944591999054,
    "ph2_xor0_mean": -6.734313011169434,
    "ph2_xor0_std": 4.382476329803467,
    "ph2_xor1_mean": 4.921143531799316,
    "ph2_xor1_std": 4.384560585021973,
    "phase2_accuracy": 0.9416892677256877
  },
  "kill_L0_mlp": {
    "ce_per_token": 0.6631410414973895,
    "ph0_xor0_mean": -0.026358025148510933,
    "ph0_xor0_std": 0.4908066987991333,
    "ph0_xor1_mean": 0.038016755133867264,
    "ph0_xor1_std": 0.27853816747665405,
    "ph1_xor0_mean": -0.05227338522672653,
    "ph1_xor0_std": 0.5408654808998108,
    "ph1_xor1_mean": 0.12065720558166504,
    "ph1_xor1_std": 0.6704787611961365,
    "ph2_xor0_mean": -0.9089041948318481,
    "ph2_xor0_std": 2.238548755645752,
    "ph2_xor1_mean": 0.6888272166252136,
    "ph2_xor1_std": 1.786630392074585,
    "phase2_accuracy": 0.744866330879504
  },
  "kill_L0_all": {
    "ce_per_token": 0.7773066475987435,
    "ph0_xor0_mean": -0.5039564371109009,
    "ph0_xor0_std": 1.5271039009094238,
    "ph0_xor1_mean": -0.18947243690490723,
    "ph0_xor1_std": 1.1055290699005127,
    "ph1_xor0_mean": -0.5040318965911865,
    "ph1_xor0_std": 1.4477649927139282,
    "ph1_xor1_mean": -0.13820038735866547,
    "ph1_xor1_std": 0.9646890759468079,
    "ph2_xor0_mean": -1.439185619354248,
    "ph2_xor0_std": 2.590938091278076,
    "ph2_xor1_mean": -0.09762764722108841,
    "ph2_xor1_std": 1.5981320142745972,
    "phase2_accuracy": 0.6388996512979466
  },
  "kill_L1_all": {
    "ce_per_token": 0.7302788853645324,
    "ph0_xor0_mean": 0.09513814002275467,
    "ph0_xor0_std": 0.6842864155769348,
    "ph0_xor1_mean": 0.4197370111942291,
    "ph0_xor1_std": 1.1946934461593628,
    "ph1_xor0_mean": -0.010423222556710243,
    "ph1_xor0_std": 0.9659752249717712,
    "ph1_xor1_mean": 0.2963532507419586,
    "ph1_xor1_std": 0.9359727501869202,
    "ph2_xor0_mean": -0.07980801165103912,
    "ph2_xor0_std": 1.600677490234375,
    "ph2_xor1_mean": 0.9780963659286499,
    "ph2_xor1_std": 1.995703935623169,
    "phase2_accuracy": 0.6968229368461837
  },
  "kill_L01_all": {
    "ce_per_token": 0.8232067594925563,
    "ph0_xor0_mean": -0.6406258344650269,
    "ph0_xor0_std": 1.3731497526168823,
    "ph0_xor1_mean": -0.4763968288898468,
    "ph0_xor1_std": 1.2232415676116943,
    "ph1_xor0_mean": -0.5906617045402527,
    "ph1_xor0_std": 1.2476630210876465,
    "ph1_xor1_mean": -0.4632052183151245,
    "ph1_xor1_std": 1.0915260314941406,
    "ph2_xor0_mean": -0.6763355135917664,
    "ph2_xor0_std": 1.346681833267212,
    "ph2_xor1_mean": -0.5248463153839111,
    "ph2_xor1_std": 1.2378296852111816,
    "phase2_accuracy": 0.5449438202247191
  },
  "kill_L01_all_and_L2head1": {
    "ce_per_token": 0.7258749186992646,
    "ph0_xor0_mean": -0.2566383183002472,
    "ph0_xor0_std": 1.0536915063858032,
    "ph0_xor1_mean": -0.020786678418517113,
    "ph0_xor1_std": 0.48851749300956726,
    "ph1_xor0_mean": -0.23333324491977692,
    "ph1_xor0_std": 0.985556960105896,
    "ph1_xor1_mean": -0.07034643739461899,
    "ph1_xor1_std": 0.4629744589328766,
    "ph2_xor0_mean": -0.2765512466430664,
    "ph2_xor0_std": 1.035810947418213,
    "ph2_xor1_mean": -0.040723104029893875,
    "ph2_xor1_std": 0.41733822226524353,
    "phase2_accuracy": 0.5271212708252615
  },
  "kill_L2_mlp": {
    "ce_per_token": 0.7704581116636594,
    "ph0_xor0_mean": -0.24439272284507751,
    "ph0_xor0_std": 1.2757751941680908,
    "ph0_xor1_mean": 0.14982593059539795,
    "ph0_xor1_std": 1.3891074657440186,
    "ph1_xor0_mean": -0.8932504057884216,
    "ph1_xor0_std": 2.280972480773926,
    "ph1_xor1_mean": 0.3817988336086273,
    "ph1_xor1_std": 1.8763340711593628,
    "ph2_xor0_mean": -2.418919324874878,
    "ph2_xor0_std": 3.1955902576446533,
    "ph2_xor1_mean": 1.1393234729766846,
    "ph2_xor1_std": 1.972652554512024,
    "phase2_accuracy": 0.6175900813638124
  },
  "kill_L3_mlp": {
    "ce_per_token": 0.5653093737860521,
    "ph0_xor0_mean": 0.16761061549186707,
    "ph0_xor0_std": 1.192616581916809,
    "ph0_xor1_mean": 0.12153197824954987,
    "ph0_xor1_std": 0.9223215579986572,
    "ph1_xor0_mean": 0.2365843951702118,
    "ph1_xor0_std": 1.2351715564727783,
    "ph1_xor1_mean": 0.33316391706466675,
    "ph1_xor1_std": 1.0988438129425049,
    "ph2_xor0_mean": -6.054488182067871,
    "ph2_xor0_std": 1.217751145362854,
    "ph2_xor1_mean": 4.241384029388428,
    "ph2_xor1_std": 1.4495813846588135,
    "phase2_accuracy": 0.9949631925610228
  },
  "kill_L2_head0_only": {
    "ce_per_token": 0.7462681864698728,
    "ph0_xor0_mean": -0.24120967090129852,
    "ph0_xor0_std": 0.9037637114524841,
    "ph0_xor1_mean": -0.23074598610401154,
    "ph0_xor1_std": 0.6704189777374268,
    "ph1_xor0_mean": 0.040654852986335754,
    "ph1_xor0_std": 0.33850374817848206,
    "ph1_xor1_mean": 0.11949270218610764,
    "ph1_xor1_std": 0.35268905758857727,
    "ph2_xor0_mean": -0.528658926486969,
    "ph2_xor0_std": 1.7414050102233887,
    "ph2_xor1_mean": 0.1645638346672058,
    "ph2_xor1_std": 1.4773144721984863,
    "phase2_accuracy": 0.5585044556373499
  }
}