{"none": {"ce0": 0.6933810710906982, "pxor0": 0.501236081123352, "ce1": 0.6935100555419922, "pxor1": 0.5003789067268372, "ce2": 0.00012544839410111308, "pxor2": 0.9998863339424133}, "random": {"ce0": 0.6931911706924438, "pxor0": 0.500700056552887, "ce1": 0.6932901740074158, "pxor1": 0.5001959800720215, "ce2": 0.0002772483858279884, "pxor2": 0.9997463226318359}, "phase": {"ce0": 0.6934970617294312, "pxor0": 0.5037610530853271, "ce1": 0.6937046051025391, "pxor1": 0.5020776391029358, "ce2": 0.6493149399757385, "pxor2": 0.5233728289604187}, "xor": {"ce0": 0.7703196406364441, "pxor0": 0.528203010559082, "ce1": 0.781613290309906, "pxor1": 0.4907822608947754, "ce2": 1.2094073295593262, "pxor2": 0.6187391877174377}, "phase_perp": {"ce0": 0.7412853837013245, "pxor0": 0.5385329723358154, "ce1": 0.7369351983070374, "pxor1": 0.5483470559120178, "ce2": 0.5858135223388672, "pxor2": 0.5654869079589844}, "xor_perp": {"ce0": 0.7065771818161011, "pxor0": 0.49981585144996643, "ce1": 0.7121859192848206, "pxor1": 0.4878379702568054, "ce2": 0.5829756259918213, "pxor2": 0.6483471989631653}}