{
  "probe_acc_xor": 1.0,
  "probe_acc_phase": 0.8240234375,
  "clean": {
    "ph0_xor0": {
      "n": 1650,
      "mean": -0.011217182502150536,
      "std": 0.13868002593517303
    },
    "ph0_xor1": {
      "n": 1723,
      "mean": 0.0029214874375611544,
      "std": 0.11193222552537918
    },
    "ph1_xor0": {
      "n": 1714,
      "mean": -0.04215293750166893,
      "std": 0.14928768575191498
    },
    "ph1_xor1": {
      "n": 1630,
      "mean": -0.013041023164987564,
      "std": 0.10654785484075546
    },
    "ph2_xor0": {
      "n": 1718,
      "mean": -10.149176597595215,
      "std": 2.8202834129333496
    },
    "ph2_xor1": {
      "n": 1725,
      "mean": 10.204388618469238,
      "std": 2.4585258960723877
    },
    "phase2_accuracy": 1.0
  },
  "v1_flip_xor_direction_at_L2_post_mlp": {
    "ph0_xor0": {
      "n": 1650,
      "mean": 0.05895489826798439,
      "std": 0.07206787168979645
    },
    "ph0_xor1": {
      "n": 1723,
      "mean": -0.027732310816645622,
      "std": 0.07616601139307022
    },
    "ph1_xor0": {
      "n": 1714,
      "mean": 0.012845057062804699,
      "std": 0.09857233613729477
    },
    "ph1_xor1": {
      "n": 1630,
      "mean": 0.045512933284044266,
      "std": 0.2980363368988037
    },
    "ph2_xor0": {
      "n": 1718,
      "mean": -7.2665252685546875,
      "std": 3.1308631896972656
    },
    "ph2_xor1": {
      "n": 1725,
      "mean": 4.081560134887695,
      "std": 3.1928415298461914
    },
    "phase2_accuracy": 0.9747313389485913
  },
  "v2a_ablate_L2_head0": {
    "ph0_xor0": {
      "n": 1650,
      "mean": -0.25239866971969604,
      "std": 0.9492107629776001
    },
    "ph0_xor1": {
      "n": 1723,
      "mean": -0.1960887610912323,
      "std": 0.6080960631370544
    },
    "ph1_xor0": {
      "n": 1714,
      "mean": 0.05601995438337326,
      "std": 0.31231632828712463
    },
    "ph1_xor1": {
      "n": 1630,
      "mean": 0.11872831732034683,
      "std": 0.3731091320514679
    },
    "ph2_xor0": {
      "n": 1718,
      "mean": -0.6211360692977905,
      "std": 1.8744937181472778
    },
    "ph2_xor1": {
      "n": 1725,
      "mean": 0.0729416087269783,
      "std": 1.5084270238876343
    },
    "phase2_accuracy": 0.5434214347952367
  },
  "v2b_ablate_L2_head1_control": {
    "ph0_xor0": {
      "n": 1650,
      "mean": -0.02373276837170124,
      "std": 0.21205167472362518
    },
    "ph0_xor1": {
      "n": 1723,
      "mean": 0.00041235212120227516,
      "std": 0.09228017926216125
    },
    "ph1_xor0": {
      "n": 1714,
      "mean": -0.0465104803442955,
      "std": 0.1559898406267166
    },
    "ph1_xor1": {
      "n": 1630,
      "mean": -0.011076891794800758,
      "std": 0.12752246856689453
    },
    "ph2_xor0": {
      "n": 1718,
      "mean": -9.302618026733398,
      "std": 3.1829001903533936
    },
    "ph2_xor1": {
      "n": 1725,
      "mean": 9.768972396850586,
      "std": 2.7625949382781982
    },
    "phase2_accuracy": 1.0
  },
  "v3_ablate_L3_attention": {
    "ph0_xor0": {
      "n": 1650,
      "mean": -0.7779635787010193,
      "std": 0.32001879811286926
    },
    "ph0_xor1": {
      "n": 1723,
      "mean": 0.14066150784492493,
      "std": 0.18364937603473663
    },
    "ph1_xor0": {
      "n": 1714,
      "mean": -0.8976525068283081,
      "std": 0.3995325565338135
    },
    "ph1_xor1": {
      "n": 1630,
      "mean": 0.33488553762435913,
      "std": 0.4518846571445465
    },
    "ph2_xor0": {
      "n": 1718,
      "mean": -0.9101159572601318,
      "std": 0.44321519136428833
    },
    "ph2_xor1": {
      "n": 1725,
      "mean": 0.3763507008552551,
      "std": 0.434736967086792
    },
    "phase2_accuracy": 0.9529480104559976
  }
}