{
  "cell_names": [
    "bp0_bc0_ph0",
    "bp0_bc0_ph1",
    "bp0_bc0_ph2",
    "bp0_bc1_ph0",
    "bp0_bc1_ph1",
    "bp0_bc1_ph2",
    "bp1_bc0_ph0",
    "bp1_bc0_ph1",
    "bp1_bc0_ph2",
    "bp1_bc1_ph0",
    "bp1_bc1_ph1",
    "bp1_bc1_ph2"
  ],
  "ld_of_mean_resid": [
    0.035243332386016846,
    0.009222865104675293,
    -12.907602310180664,
    0.009494125843048096,
    -0.023797452449798584,
    12.506404876708984,
    -0.04478508234024048,
    -0.03455573320388794,
    12.592080116271973,
    -0.0027323365211486816,
    -0.04178577661514282,
    -12.711517333984375
  ],
  "mean_ld_per_cell": [
    0.032560478895902634,
    0.008200753480196,
    -11.078787803649902,
    0.0075892675668001175,
    -0.02521660551428795,
    10.767804145812988,
    -0.04553018882870674,
    -0.03581005334854126,
    10.907038688659668,
    -0.004279019311070442,
    -0.042629387229681015,
    -10.959558486938477
  ],
  "contrast_contributions": {
    "L3_mlp_delta": {
      "const": [
        0.1262720823287964,
        0.13000673055648804,
        -4.091798782348633,
        0.19140052795410156,
        0.206279456615448,
        5.2765350341796875,
        0.17454856634140015,
        0.1751652956008911,
        4.595647811889648,
        0.16329455375671387,
        0.16713523864746094,
        -4.789727210998535
      ],
      "b_curr": [
        -0.04085814952850342,
        -0.03791701793670654,
        -7.04835319519043,
        0.028543174266815186,
        0.02039623260498047,
        6.493730545043945,
        -0.0030474066734313965,
        -0.002789437770843506,
        5.895400047302246,
        -0.009352922439575195,
        -0.002102673053741455,
        -7.1792192459106445
      ],
      "b_prev": [
        -0.14686399698257446,
        -0.13888633251190186,
        -10.5241117477417,
        -0.10733997821807861,
        -0.022819101810455322,
        10.358932495117188,
        -0.26721322536468506,
        -0.2861093580722809,
        10.14532470703125,
        -0.19252917170524597,
        -0.16918319463729858,
        -10.539183616638184
      ],
      "xor": [
        -0.1702202558517456,
        -0.17279642820358276,
        -6.008574485778809,
        0.20405614376068115,
        0.212164044380188,
        5.063353538513184,
        0.1892433762550354,
        0.18832582235336304,
        4.866543769836426,
        -0.13192981481552124,
        -0.1383689045906067,
        -6.153022766113281
      ],
      "ph2_vs_01": [
        -0.023117780685424805,
        -0.02455306053161621,
        -4.683357238769531,
        -0.04816669225692749,
        -0.051918625831604004,
        4.132968902587891,
        -0.03131723403930664,
        -0.030867815017700195,
        4.06995964050293,
        -0.03406500816345215,
        -0.033887386322021484,
        -4.510599136352539
      ],
      "b_curr x ph2_vs_01": [
        0.03835105895996094,
        0.0415990948677063,
        -7.404875755310059,
        -0.073367178440094,
        -0.08487188816070557,
        6.880013465881348,
        0.07050549983978271,
        0.0709538459777832,
        5.90883731842041,
        -0.08331817388534546,
        -0.08123767375946045,
        -6.641136169433594
      ],
      "b_prev x ph2_vs_01": [
        -0.031018733978271484,
        -0.02523404359817505,
        -10.684231758117676,
        -0.013361036777496338,
        0.01635265350341797,
        10.202929496765137,
        -0.1224026083946228,
        -0.12743347883224487,
        10.341072082519531,
        -0.11452686786651611,
        -0.104389488697052,
        -10.4655179977417
      ],
      "xor x ph2_vs_01": [
        0.14079904556274414,
        0.1470080018043518,
        -6.578399658203125,
        -0.20714151859283447,
        -0.22517144680023193,
        6.255414962768555,
        -0.22250574827194214,
        -0.22338789701461792,
        5.565309524536133,
        0.1890242099761963,
        0.18988949060440063,
        -7.328257083892822
      ]
    },
    "L3_attn_delta": {
      "const": [
        0.043004512786865234,
        0.044203758239746094,
        -0.5655727386474609,
        0.0639159083366394,
        0.06661838293075562,
        0.6556320190429688,
        0.05764365196228027,
        0.0578121542930603,
        0.5168180465698242,
        0.05325055122375488,
        0.05458664894104004,
        -0.8088436126708984
      ],
      "b_prev": [
        -0.04998713731765747,
        -0.05132579803466797,
        -0.5319375991821289,
        -0.07340985536575317,
        -0.07549703121185303,
        0.3176612854003906,
        0.06533855199813843,
        0.06546449661254883,
        0.4068155288696289,
        0.060277462005615234,
        0.061902761459350586,
        -0.5766143798828125
      ],
      "ph2_vs_01": [
        0.04489010572433472,
        0.04626530408859253,
        -1.5571041107177734,
        0.067840576171875,
        0.07083010673522949,
        0.8637552261352539,
        0.06128817796707153,
        0.06145596504211426,
        0.739680290222168,
        0.05709189176559448,
        0.058296144008636475,
        -1.4618511199951172
      ],
      "xor x ph2_vs_01": [
        0.1754363775253296,
        0.1814613938331604,
        -3.811239242553711,
        -0.26730072498321533,
        -0.2809903025627136,
        3.041731834411621,
        -0.24590140581130981,
        -0.24660223722457886,
        2.39681339263916,
        0.22881871461868286,
        0.23259419202804565,
        -3.555201530456543
      ]
    },
    "L2_mlp_delta": {
      "const": [
        0.03515958786010742,
        0.03617703914642334,
        -0.7059745788574219,
        0.05263489484786987,
        0.05486661195755005,
        0.6367816925048828,
        0.04708975553512573,
        0.047214508056640625,
        0.6069784164428711,
        0.04370307922363281,
        0.04471367597579956,
        -0.7597675323486328
      ],
      "b_curr": [
        -0.06832456588745117,
        -0.07047319412231445,
        -0.4015674591064453,
        0.10393315553665161,
        0.10928463935852051,
        0.5357494354248047,
        -0.09540176391601562,
        -0.09584319591522217,
        0.06300735473632812,
        0.08890223503112793,
        0.09058654308319092,
        -0.49739933013916016
      ],
      "xor": [
        -0.18899714946746826,
        -0.19533151388168335,
        -0.4020519256591797,
        0.28982722759246826,
        0.30405187606811523,
        0.3427896499633789,
        0.26301443576812744,
        0.26375436782836914,
        0.4066495895385742,
        -0.247173011302948,
        -0.2513507008552551,
        -1.0467071533203125
      ]
    }
  },
  "inertness": {
    "bp0_bc0_ph0": {
      "std_logit_from_fluct": 0.0784663445912422,
      "mean_cell_logit": 0.035243332386016846
    },
    "bp0_bc0_ph1": {
      "std_logit_from_fluct": 0.11364503382856163,
      "mean_cell_logit": 0.009222865104675293
    },
    "bp0_bc0_ph2": {
      "std_logit_from_fluct": 0.2000295935015014,
      "mean_cell_logit": -12.907602310180664
    },
    "bp0_bc1_ph0": {
      "std_logit_from_fluct": 0.13181971926371644,
      "mean_cell_logit": 0.009494125843048096
    },
    "bp0_bc1_ph1": {
      "std_logit_from_fluct": 0.13643896410704523,
      "mean_cell_logit": -0.023797452449798584
    },
    "bp0_bc1_ph2": {
      "std_logit_from_fluct": 0.4179122770835669,
      "mean_cell_logit": 12.506404876708984
    },
    "bp1_bc0_ph0": {
      "std_logit_from_fluct": 0.11401181467845407,
      "mean_cell_logit": -0.04478508234024048
    },
    "bp1_bc0_ph1": {
      "std_logit_from_fluct": 0.11809434888869558,
      "mean_cell_logit": -0.03455573320388794
    },
    "bp1_bc0_ph2": {
      "std_logit_from_fluct": 0.08581330909768499,
      "mean_cell_logit": 12.592080116271973
    },
    "bp1_bc1_ph0": {
      "std_logit_from_fluct": 0.13624429149127965,
      "mean_cell_logit": -0.0027323365211486816
    },