{
  "probe_stage": "L3_post_attn",
  "bayes_acc_t": [
    0.31333333333333335,
    0.31333333333333335,
    0.4666666666666667,
    0.5733333333333334,
    0.59,
    0.6933333333333334,
    0.73,
    0.74,
    0.83,
    0.87,
    0.8666666666666667,
    0.92,
    0.94,
    0.94,
    0.9666666666666667,
    0.9733333333333334,
    0.9733333333333334,
    0.98,
    0.9833333333333333,
    0.9833333333333333,
    0.9933333333333333,
    0.9966666666666667,
    0.9966666666666667,
    0.9966666666666667,
    1.0,
    1.0,
    1.0,
    1.0,
    1.0,
    1.0,
    1.0,
    1.0,
    1.0,
    1.0,
    1.0,
    1.0,
    1.0,
    1.0,
    1.0,
    1.0,
    1.0,
    1.0,
    1.0,
    1.0,
    1.0,
    1.0,
    1.0,
    1.0,
    1.0,
    1.0,
    1.0,
    1.0,
    1.0,
    1.0,
    1.0,
    1.0,
    1.0,
    1.0,
    1.0,
    1.0,
    1.0,
    1.0,
    1.0,
    1.0,
    1.0,
    1.0,
    1.0,
    1.0,
    1.0,
    1.0,
    1.0,
    1.0,
    1.0,
    1.0,
    1.0,
    1.0,
    1.0,
    1.0,
    1.0,
    1.0,
    1.0,
    1.0,
    1.0,
    1.0,
    1.0,
    1.0,
    1.0,
    1.0,
    1.0,
    1.0,
    1.0,
    1.0,
    1.0,
    1.0,
    1.0,
    1.0,
    1.0,
    1.0,
    1.0,
    1.0,
    1.0,
    1.0,
    1.0,
    1.0,
    1.0,
    1.0,
    1.0,
    1.0,
    1.0,
    1.0,
    1.0,
    1.0,
    1.0,
    1.0,
    1.0,
    1.0,
    1.0,
    1.0,
    1.0,
    1.0,
    1.0,
    1.0,
    1.0,
    1.0,
    1.0,
    1.0,
    1.0,
    1.0
  ],
  "model_probe_acc_t": [
    0.26666666666666666,
    0.3333333333333333,
    0.31666666666666665,
    0.48333333333333334,
    0.43333333333333335,
    0.5333333333333333,
    0.5333333333333333,
    0.65,
    0.7,
    0.6833333333333333,
    0.6166666666666667,
    0.8,
    0.6666666666666666,
    0.7166666666666667,
    0.8,
    0.7666666666666667,
    0.8166666666666667,
    0.85,
    0.7,
    0.7833333333333333,
    0.75,
    0.8166666666666667,
    0.8333333333333334,
    0.8833333333333333,
    0.8666666666666667,
    0.8333333333333334,
    0.9166666666666666,
    0.8666666666666667,
    0.8666666666666667,
    0.8333333333333334,
    0.7666666666666667,
    0.8833333333333333,
    0.9,
    0.85,
    0.8,
    0.85,
    0.8,
    0.85,
    0.8666666666666667,
    0.7666666666666667,
    0.85,
    0.9,
    0.8166666666666667,
    0.85,
    0.85,
    0.9333333333333333,
    0.8333333333333334,
    0.8666666666666667,
    0.8833333333333333,
    0.8833333333333333,
    0.8666666666666667,
    0.8166666666666667,
    0.8166666666666667,
    0.7666666666666667,
    0.8333333333333334,
    0.8333333333333334,
    0.8333333333333334,
    0.9,
    0.8,
    0.75,
    0.85,
    0.85,
    0.7833333333333333,
    0.7666666666666667,
    0.8,
    0.8,
    0.8666666666666667,
    0.7833333333333333,
    0.7833333333333333,
    0.75,
    0.9,
    0.8333333333333334,
    0.8166666666666667,
    0.7833333333333333,
    0.7333333333333333,
    0.7833333333333333,
    0.8666666666666667,
    0.8166666666666667,
    0.7833333333333333,
    0.85,
    0.8666666666666667,
    0.7666666666666667,
    0.85,
    0.8166666666666667,
    0.7833333333333333,
    0.8833333333333333,
    0.8333333333333334,
    0.7833333333333333,
    0.8833333333333333,
    0.7833333333333333,
    0.8166666666666667,
    0.8166666666666667,
    0.7833333333333333,
    0.8666666666666667,
    0.8333333333333334,
    0.85,
    0.75,
    0.7833333333333333,
    0.85,
    0.8333333333333334,
    0.8333333333333334,
    0.7333333333333333,
    0.8833333333333333,
    0.85,
    0.8,
    0.8666666666666667,
    0.8833333333333333,
    0.7666666666666667,
    0.8,
    0.85,
    0.7833333333333333,
    0.7833333333333333,
    0.8666666666666667,
    0.8333333333333334,
    0.8333333333333334,
    0.8,
    0.8333333333333334,
    0.8166666666666667,
    0.8333333333333334,
    0.8333333333333334,
    0.7833333333333333,
    0.8833333333333333,
    0.75,
    0.8,
    0.8333333333333334,
    0.7833333333333333,
    0.7833333333333333,
    0.8166666666666667
  ],
  "gate_phase2_by_t": [
    0.020339040085673332,
    0.63108891248703,
    0.7208534479141235,
    3.0541203022003174,
    2.4830093383789062,
    3.463193893432617,
    4.743472576141357,
    5.05489444732666,
    6.523184299468994,
    7.20643949508667,
    6.660813331604004,
    7.28169584274292,
    9.046175003051758,
    8.344470977783203,
    9.31972885131836,
    9.19356918334961,
    9.534679412841797,
    9.735119819641113,
    9.565665245056152,
    9.888005256652832,
    9.573348999023438,
    9.757155418395996,
    9.833830833435059,
    10.203506469726562,
    9.831315040588379,
    10.159529685974121,
    10.068306922912598,
    10.361550331115723,
    10.246475219726562,
    9.978397369384766,
    9.886739730834961,
    10.15238094329834,
    10.198760032653809,
    10.288651466369629,
    10.763352394104004,
    10.638915061950684,
    10.139845848083496,
    10.502845764160156,
    10.61789608001709,
    10.368776321411133,
    10.331877708435059,
    10.519606590270996,
    10.72855281829834,
    10.559779167175293,
    10.428620338439941,
    10.370366096496582,
    10.313251495361328,
    10.837117195129395,
    10.847527503967285,
    10.89027214050293,
    10.560447692871094,
    10.41026496887207,
    11.00490665435791,
    10.834734916687012,
    10.723973274230957,
    11.100162506103516,
    10.709807395935059,
    11.11040210723877,
    11.190655708312988,
    11.31423282623291,
    11.285368919372559,
    11.020719528198242,
    11.444045066833496,
    11.074624061584473,
    11.242435455322266,
    11.035109519958496,
    10.80515193939209,
    11.180889129638672,
    10.940446853637695,
    10.974363327026367,
    11.199111938476562,
    11.560508728027344,
    11.09611988067627,
    11.010724067687988,
    11.212928771972656,
    11.140779495239258,
    11.03704833984375,
    11.28994369506836,
    11.176799774169922,
    11.418288230895996,
    11.341765403747559,
    11.421171188354492,
    11.28191089630127,
    11.30792236328125,
    11.46258544921875,
    11.505658149719238,
    11.15262222290039,
    11.164600372314453,
    10.855426788330078,
    11.20158576965332,
    11.29567813873291,
    11.217500686645508,
    11.359028816223145,
    11.322742462158203,
    11.447467803955078,
    11.41565990447998,
    11.136260986328125,
    10.987936973571777,
    11.375685691833496,
    11.417901039123535,
    11.445290565490723,
    11.148748397827148,
    11.305140495300293,
    11.45073413848877,
    11.4655122756958,
    11.580672264099121,
    11.459917068481445,
    11.466516494750977,
    11.347746849060059,
    10.470429420471191,
    11.90550422668457,
    11.574833869934082,
    11.544443130493164,
    11.263236999511719,
    11.311660766601562,
    11.03215503692627,
    11.60171890258789,
    11.022774696350098,
    11.651310920715332,
    11.68899154663086,
    10.96958065032959,
    10.985304832458496,
    11.429054260253906,
    11.39400577545166,
    11.002298355102539,
    11.69086742401123,
    11.51335620880127,
    11.541433334350586
  ],