{
  "k=0": {
    "phase2_acc": 1.0,
    "gate_ph2": 10.936869621276855,
    "gate_ph01": 0.036868300288915634
  },
  "k=1": {
    "phase2_acc": 0.9997765363128491,
    "gate_ph2": 10.529719352722168,
    "gate_ph01": 0.03775712847709656
  },
  "k=2": {
    "phase2_acc": 1.0,
    "gate_ph2": 10.527475357055664,
    "gate_ph01": 0.03732578828930855
  },
  "k=3": {
    "phase2_acc": 1.0,
    "gate_ph2": 10.356061935424805,
    "gate_ph01": 0.036826830357313156
  },
  "k=4": {
    "phase2_acc": 1.0,
    "gate_ph2": 10.535449981689453,
    "gate_ph01": 0.03733731061220169
  },
  "k=6": {
    "phase2_acc": 1.0,
    "gate_ph2": 10.477392196655273,
    "gate_ph01": 0.036942292004823685
  },
  "k=30": {
    "phase2_acc": 0.998659217877095,
    "gate_ph2": 9.354536056518555,
    "gate_ph01": 0.10347715020179749
  },
  "k=100": {
    "phase2_acc": 0.6815642458100558,
    "gate_ph2": 3.76579213142395,
    "gate_ph01": 2.696627616882324
  }
}