{"kl": {"seed0": {"oom": [1.8352989107731632e-05, 0.00017534174544535966, 0.0003160146680636283, 0.00029910389834469036, 0.00026061142017414364, 0.0005595108824587638, 0.0005436050301326841, 0.0005389179678263398, 0.0007348158012580178, 0.0006860476526615508, 0.0006376749363774165, 0.0008441597090186187, 0.0008266575148124953, 0.0007757195579849221, 0.0009634986742686512, 0.0009423958364375377, 0.0007901926783204597, 0.0019034200556777236, 0.0009537710875856722, 0.0008514528466983591, 0.0009765705970775206, 0.0008702557780877048, 0.0007535287123390817, 0.0008309234078340508, 0.0009582752361316979, 0.000806815654200016, 0.0008278517581508879, 0.0009298547292470096, 0.000759457250337665, 0.0008849068982662304, 0.0008506539656009538, 0.0008083081280979524], "true": [0.00016182342822447737, 0.00019307590496958217, 0.00013469854325638507, 0.00018391070452786234, 0.00018878619793899834, 0.00014974501448443363, 0.00014675553428712885, 0.00016855627824055922, 0.00014172896325028036, 0.00018430426946423886, 0.00017088932469481078, 0.00012717610108508166, 0.0001631758930881901, 0.0002040012443129905, 0.00012400312797954281, 0.0004328921435561187, 0.00017997640917208113, 0.00184416976807838, 0.00016611683648462468, 0.00016070661807904358, 0.0004513243348044075, 0.00021172554593144516, 0.00016054096415781829, 0.00014809366613271425, 0.0005622845171644227, 0.0001960114093097944, 0.00012194779480449528, 0.0001832240803638787, 0.00016154660614160754, 0.00030553982547136326, 0.0003272260132324281, 0.00018654886112376534]}, "fx0.03_seed0": {"oom": [0.00021304346312626602, 0.0007572866574739292, 0.0009963313194106857, 0.0009231355666788277, 0.0014751057748537228, 0.003955555470432919, 0.006332716419804581, 0.014004300067765922, 0.007087433222477231, 0.007730421110817878, 0.0033706970774908065, 0.005438793764624493, 0.00719922734901771, 0.006279584377639619, 0.004882640572737447, 0.007541074240821424, 0.007054061285276417, 0.003995342738335189, 0.007460677629768423, 0.006442992423989262, 0.0038719756455462733, 0.007182293742269724, 0.007045173055963505, 0.012224754678370952, 0.0070536269237435004, 0.007617831796054419, 0.0043501679646267485, 0.008102993081695126, 0.0077743847231864435, 0.012362383008766013, 0.007529182798516025, 0.007527185675813378], "true": [0.0016479051470624244, 0.0014022847828998011, 0.0016958814113490013, 0.001438842426099525, 0.0014504678419989304, 0.0014960516807456833, 0.001177084818341176, 0.0013854287410346054, 0.0014333611067036483, 0.0017136693314469874, 0.0016116765763090797, 0.001409400654739603, 0.0014378775264499027, 0.0013873500974533443, 0.0017579131418676642, 0.001668750245878133, 0.0016480697497286464, 0.0013305351438103186, 0.0015879337971883036, 0.0013477337848098632, 0.0013060986442623343, 0.0021063970781624846, 0.0010915478805163447, 0.0014794011201122355, 0.0013156760271573714, 0.001048374460964372, 0.0013475538948358736, 0.0013428190797262836, 0.0009801231627905062, 0.0013926737508816762, 0.001383343655716485, 0.0010315341760723314]}}, "fx": {"fx0.01_seed0": {"eps": 0.01, "net": [[0.9999946626038059, 0.0], [-0.493904083443637, 0.8496073173078929], [-0.493904083443637, -0.8496073173078929], [-0.003700580609717804, 0.0], [-0.0011064433767150616, 0.0]], "true": [[0.9999999999999993, 0.0], [-0.4950000000000001, 0.8573651497465946], [-0.4950000000000001, -0.8573651497465946], [-3.224445296047328e-17, 4.942216540256632e-17], [-3.224445296047328e-17, -4.942216540256632e-17]], "sv": [1.0, 0.5816027281240014, 0.37879862744310366, 0.1906816630378984, 0.09269912031086332, 0.01419373649867436, 0.009329011403070646, 0.007728442446591866]}, "fx0.03_seed0": {"eps": 0.03, "net": [[1.0000042428071056, 0.0], [-0.4784650893307435, 0.8167332207583748], [-0.4784650893307435, -0.8167332207583748], [-0.007576536752840495, 0.0], [0.0015346940994974527, 0.0]], "true": [[1.0000000000000004, 0.0], [-0.4849999999999999, 0.840044641670905], [-0.4849999999999999, -0.840044641670905], [2.0836709262845343e-16, 0.0], [-1.8814316864685127e-16, 0.0]], "sv": [1.0, 0.4971125360158661, 0.3324173345548339, 0.16176521032170527, 0.07286361437717304, 0.014642341817105416, 0.01180833825388332, 0.009091494005675016]}, "fx0.2_seed0": {"eps": 0.2, "net": [[0.9999488769049119, 0.0], [-0.36485164934700615, 0.6398705038667452], [-0.36485164934700615, -0.6398705038667452], [-0.008029260766196918, 0.011442801447393205], [-0.008029260766196918, -0.011442801447393205]], "true": [[1.0000000000000007, 0.0], [-0.40000000000000047, 0.6928203230275513], [-0.40000000000000047, -0.6928203230275513], [-2.36978189080538e-17, 8.326438756867143e-17], [-2.36978189080538e-17, -8.326438756867143e-17]], "sv": [1.0, 0.22902055726111603, 0.15652500611625517, 0.04012680652499038, 0.01076975262226264, 0.007504978608220808, 0.0053544178404961885, 0.003921137595349788]}}, "corr": {"sv": [1.0, 0.616004683112964, 0.6015382682217049, 0.507184341352279, 0.3234356013941786, 0.255314151806884, 0.2366025051978282, 0.22097081972405935, 0.1359848912555333, 0.13319610401694817, 0.10909655421793837, 0.07553478586950836], "eigs": [[1.9685935071027112, 0.0], [-0.9788641791034997, 1.692685730633327], [-0.9788641791034997, -1.692685730633327], [-1.3543604040577457, 0.0], [0.6656867063802292, 1.121325454141605], [0.6656867063802292, -1.121325454141605], [-0.09828066116243436, 0.0], [0.057966290750869516, 0.0]]}}