{"0": {"-1": 1.3862943611198906, "0": 1.3862943611198906, "1": 1.3862943611198906, "2": 1.3862943611198906, "3": 1.3862943611198906}, "1": {"-1": 1.3862943611198906, "0": 0.6931471805599453, "1": 1.3862943611198906, "2": 1.3862943611198906, "3": 1.3862943611198906}, "2": {"-1": 1.3862943611198906, "0": 0.45674299316091443, "1": 1.183458294990299, "2": 1.354056240255821, "3": 1.387287093040519}, "3": {"-1": 1.3862943611198906, "0": 0.4031469897197842, "1": 0.9970896624281949, "2": 1.2480303385846052, "3": 1.387287093040519}, "4": {"-1": 1.3862943611198906, "0": 0.37433757390558303, "1": 0.9340559096939202, "2": 1.1666483789446422, "3": 1.3473065519367051}}