{"0": {"-1": 0.6931471805599453, "0": 0.6931471805599453, "1": 0.6931471805599453, "2": 0.6931471805599453, "3": 0.6931471805599453, "4": 0.6931471805599453}, "1": {"-1": 0.6931471805599453, "0": 0.47057256382238083, "1": 0.6931471805599453, "2": 0.6931471805599453, "3": 0.6931471805599453, "4": 0.6931471805599453}, "2": {"-1": 0.6931471805599453, "0": 0.4565162884909809, "1": 0.5871906800385779, "2": 0.6931471805599453, "3": 0.6931471805599453, "4": 0.6931471805599453}, "3": {"-1": 0.6931471805599453, "0": 0.4514519771848671, "1": 0.5761662468423172, "2": 0.6330074349575341, "3": 0.6931471805599453, "4": 0.6931471805599453}, "4": {"-1": 0.6931471805599453, "0": 0.4490505575594903, "1": 0.5712389471477632, "2": 0.6251182257430443, "3": 0.6578263194932823, "4": 0.6931471805599453}, "5": {"-1": 0.6931471805599453, "0": 0.4483987190974539, "1": 0.5689173365071044, "2": 0.6221890532540745, "3": 0.6530933584543306, "4": 0.6730648291363941}}